type,date time,latitude,longitude,accuracy(m),altitude(m),geoid_height(m),speed(m/s),bearing(deg),sat_used,sat_inview,name,desc
T,2024-12-17 07:10:51,47.66781154,17.64289378,4.13,111.185,44.209,0.000,,20,27,20241217-081051,GPS Logger: 20241217-081051 - posta-egyetem
T,2024-12-17 07:10:52,47.66783360,17.64284721,3.79,116.981,44.209,0.310,340,19,28,,
T,2024-12-17 07:10:53,47.66784838,17.64283042,3.97,117.880,44.209,0.000,,21,29,,
T,2024-12-17 07:10:54,47.66785179,17.64283179,3.94,118.508,44.209,0.000,,22,29,,
T,2024-12-17 07:10:55,47.66785518,17.64283809,3.94,118.008,44.209,0.000,,22,29,,
T,2024-12-17 07:10:56,47.66785813,17.64283887,3.85,118.011,44.209,0.000,,22,29,,
T,2024-12-17 07:10:57,47.66785771,17.64284974,3.81,117.402,44.209,0.000,,22,29,,
T,2024-12-17 07:10:58,47.66785966,17.64285140,3.82,117.114,44.209,0.000,,22,29,,
T,2024-12-17 07:10:59,47.66785037,17.64285641,3.89,117.298,44.209,0.860,158,22,29,,
T,2024-12-17 07:11:00,47.66783303,17.64285971,3.79,116.955,44.209,0.760,162,22,29,,
T,2024-12-17 07:11:01,47.66783228,17.64285724,3.79,117.060,44.209,0.850,162,22,29,,
T,2024-12-17 07:11:02,47.66782872,17.64286222,3.79,116.474,44.209,0.710,162,23,29,,
T,2024-12-17 07:11:03,47.66782792,17.64286190,3.79,116.800,44.209,0.460,162,23,29,,
T,2024-12-17 07:11:04,47.66782333,17.64285797,3.79,116.406,44.209,0.480,162,24,29,,
T,2024-12-17 07:11:05,47.66781480,17.64285861,3.79,116.374,44.209,0.630,169,24,29,,
T,2024-12-17 07:11:06,47.66781463,17.64285254,3.79,115.903,44.209,0.560,169,24,29,,
T,2024-12-17 07:11:07,47.66781110,17.64285530,3.79,115.852,44.209,0.430,169,23,29,,
T,2024-12-17 07:11:08,47.66780562,17.64285797,3.79,115.679,44.209,0.650,169,21,29,,
T,2024-12-17 07:11:09,47.66780142,17.64285954,3.79,115.236,44.209,0.480,169,21,29,,
T,2024-12-17 07:11:10,47.66780298,17.64285834,3.79,115.650,44.209,0.000,,22,29,,
T,2024-12-17 07:11:11,47.66780480,17.64285676,3.79,115.785,44.209,0.300,169,22,29,,
T,2024-12-17 07:11:12,47.66780762,17.64285051,3.79,115.993,44.209,0.800,169,21,29,,
T,2024-12-17 07:11:13,47.66781394,17.64283697,3.79,116.386,44.209,1.290,297,22,29,,
T,2024-12-17 07:11:14,47.66782039,17.64282113,3.79,115.984,44.209,1.230,282,22,29,,
T,2024-12-17 07:11:15,47.66782295,17.64279283,3.79,116.846,44.209,2.860,270,22,29,,
T,2024-12-17 07:11:16,47.66782489,17.64278177,3.79,116.846,44.209,0.000,,22,29,,
T,2024-12-17 07:11:17,47.66782597,17.64278577,3.79,116.835,44.209,0.000,,22,29,,
T,2024-12-17 07:11:18,47.66782070,17.64275447,3.79,117.576,44.209,3.450,259,22,29,,
T,2024-12-17 07:11:19,47.66781433,17.64271684,3.79,117.278,44.209,2.090,256,21,29,,
T,2024-12-17 07:11:20,47.66781347,17.64268066,3.79,117.445,44.209,2.960,269,22,29,,
T,2024-12-17 07:11:21,47.66781836,17.64264383,3.79,117.128,44.209,2.480,285,23,29,,
T,2024-12-17 07:11:22,47.66782735,17.64261290,4.47,117.638,44.209,2.180,283,22,29,,
T,2024-12-17 07:11:23,47.66785006,17.64258870,3.94,116.737,44.209,3.800,326,23,29,,
T,2024-12-17 07:11:24,47.66787981,17.64257445,4.02,117.393,44.209,2.840,344,23,29,,
T,2024-12-17 07:11:25,47.66791197,17.64256855,4.14,117.019,44.208,3.560,353,23,29,,
T,2024-12-17 07:11:26,47.66796319,17.64253587,3.96,117.134,44.208,5.750,323,23,29,,
T,2024-12-17 07:11:27,47.66799295,17.64247689,3.98,117.471,44.208,5.380,295,24,29,,
T,2024-12-17 07:11:28,47.66801829,17.64239187,4.01,117.795,44.208,6.600,282,24,29,,
T,2024-12-17 07:11:29,47.66802757,17.64230632,4.36,118.097,44.208,7.530,272,24,29,,
T,2024-12-17 07:11:30,47.66799815,17.64221668,4.56,118.644,44.208,7.440,258,24,29,,
T,2024-12-17 07:11:31,47.66797889,17.64210610,4.75,118.599,44.208,9.110,253,24,29,,
T,2024-12-17 07:11:32,47.66795265,17.64197797,4.93,118.532,44.208,10.240,253,24,29,,
T,2024-12-17 07:11:33,47.66792221,17.64184767,4.72,118.814,44.208,10.410,252,24,29,,
T,2024-12-17 07:11:34,47.66789327,17.64172316,4.63,119.305,44.209,9.900,252,24,29,,
T,2024-12-17 07:11:35,47.66786781,17.64159568,4.81,118.549,44.209,9.680,255,24,29,,
T,2024-12-17 07:11:36,47.66784284,17.64147458,4.81,118.445,44.209,9.590,252,22,29,,
T,2024-12-17 07:11:37,47.66781857,17.64135290,4.67,118.422,44.209,8.910,254,20,29,,
T,2024-12-17 07:11:38,47.66779629,17.64124495,4.59,118.871,44.209,8.040,253,18,29,,
T,2024-12-17 07:11:39,47.66777824,17.64115537,4.43,119.424,44.209,6.700,253,19,29,,
T,2024-12-17 07:11:40,47.66775975,17.64107301,4.40,120.265,44.209,6.010,252,16,29,,
T,2024-12-17 07:11:41,47.66774714,17.64100105,4.29,120.328,44.209,5.360,255,17,29,,
T,2024-12-17 07:11:42,47.66773665,17.64093079,4.06,119.978,44.209,5.040,252,17,29,,
T,2024-12-17 07:11:43,47.66772398,17.64087213,3.92,120.543,44.209,4.250,254,18,29,,
T,2024-12-17 07:11:44,47.66771263,17.64081567,3.86,121.186,44.209,4.230,252,18,29,,
T,2024-12-17 07:11:45,47.66769668,17.64076741,3.84,120.944,44.209,3.710,253,19,29,,
T,2024-12-17 07:11:46,47.66768394,17.64072653,3.79,120.789,44.209,3.200,247,19,29,,
T,2024-12-17 07:11:47,47.66768181,17.64069529,3.79,120.193,44.209,2.270,252,18,29,,
T,2024-12-17 07:11:48,47.66767261,17.64066045,3.79,119.966,44.209,2.240,247,19,29,,
T,2024-12-17 07:11:49,47.66766918,17.64064665,3.87,119.846,44.209,1.270,252,18,29,,
T,2024-12-17 07:11:50,47.66766457,17.64064026,3.93,120.327,44.209,0.540,252,18,29,,
T,2024-12-17 07:11:51,47.66766543,17.64064157,3.85,120.350,44.209,0.000,,18,29,,
T,2024-12-17 07:11:52,47.66766365,17.64064229,3.92,120.967,44.209,0.000,,19,28,,
T,2024-12-17 07:11:53,47.66766753,17.64064261,3.81,121.125,44.209,0.000,,20,28,,
T,2024-12-17 07:11:54,47.66767172,17.64064190,3.79,120.922,44.209,0.000,,20,28,,
T,2024-12-17 07:11:55,47.66767590,17.64064153,3.79,120.545,44.209,0.000,,20,28,,
T,2024-12-17 07:11:56,47.66767707,17.64064797,3.79,120.159,44.209,0.000,,19,28,,
T,2024-12-17 07:11:57,47.66767494,17.64064965,3.79,120.165,44.209,0.000,,20,28,,
T,2024-12-17 07:11:58,47.66767101,17.64065436,3.79,120.106,44.209,0.000,,20,28,,
T,2024-12-17 07:11:59,47.66766969,17.64065766,3.80,120.188,44.209,0.000,,20,28,,
T,2024-12-17 07:12:00,47.66766751,17.64065907,3.94,119.745,44.209,0.000,,20,28,,
T,2024-12-17 07:12:01,47.66766699,17.64066060,4.11,119.655,44.209,0.000,,20,28,,
T,2024-12-17 07:12:02,47.66766659,17.64066057,4.25,119.561,44.209,0.000,,16,28,,
T,2024-12-17 07:12:03,47.66766463,17.64065775,4.42,119.948,44.209,0.000,,18,28,,
T,2024-12-17 07:12:04,47.66766459,17.64065767,5.08,119.923,44.209,0.000,,20,28,,
T,2024-12-17 07:12:05,47.66766456,17.64065763,5.00,119.915,44.209,0.000,,20,28,,
T,2024-12-17 07:12:06,47.66766390,17.64065738,5.11,119.945,44.209,0.000,,20,28,,
T,2024-12-17 07:12:07,47.66766374,17.64065721,5.01,119.956,44.209,0.000,,21,28,,
T,2024-12-17 07:12:08,47.66766405,17.64065701,4.75,120.030,44.209,0.000,,21,28,,
T,2024-12-17 07:12:09,47.66766404,17.64065692,4.49,120.033,44.209,0.000,,21,28,,
T,2024-12-17 07:12:10,47.66766427,17.64065684,4.33,120.069,44.209,0.000,,21,28,,
T,2024-12-17 07:12:11,47.66766393,17.64065662,4.15,120.102,44.209,0.000,,21,28,,
T,2024-12-17 07:12:12,47.66766403,17.64065657,4.03,120.121,44.209,0.000,,22,28,,
T,2024-12-17 07:12:13,47.66766403,17.64065653,4.09,120.116,44.209,0.000,,22,28,,
T,2024-12-17 07:12:14,47.66766403,17.64065648,4.17,120.117,44.209,0.000,,22,28,,
T,2024-12-17 07:12:15,47.66766379,17.64065640,4.22,120.132,44.209,0.000,,22,28,,
T,2024-12-17 07:12:16,47.66766366,17.64065640,4.35,120.151,44.209,0.000,,22,28,,
T,2024-12-17 07:12:17,47.66766347,17.64065641,4.40,120.170,44.209,0.000,,22,28,,
T,2024-12-17 07:12:18,47.66766346,17.64065641,4.41,120.171,44.209,0.000,,20,28,,
T,2024-12-17 07:12:19,47.66766298,17.64065627,4.45,120.220,44.209,0.000,,20,28,,
T,2024-12-17 07:12:20,47.66766293,17.64065632,4.42,120.237,44.209,0.000,,21,28,,
T,2024-12-17 07:12:21,47.66766282,17.64065634,4.37,120.252,44.209,0.000,,22,28,,
T,2024-12-17 07:12:22,47.66766274,17.64065636,4.31,120.264,44.209,0.000,,22,28,,
T,2024-12-17 07:12:23,47.66766299,17.64065638,4.17,120.284,44.209,0.000,,22,28,,
T,2024-12-17 07:12:24,47.66766301,17.64065635,4.16,120.281,44.209,0.000,,22,28,,
T,2024-12-17 07:12:25,47.66766300,17.64065627,4.28,120.278,44.209,0.000,,22,28,,
T,2024-12-17 07:12:26,47.66766296,17.64065626,4.41,120.279,44.209,0.000,,21,28,,
T,2024-12-17 07:12:27,47.66766317,17.64065629,4.32,120.301,44.209,0.000,,21,28,,
T,2024-12-17 07:12:28,47.66766321,17.64065621,4.17,120.298,44.209,0.000,,19,28,,
T,2024-12-17 07:12:29,47.66766360,17.64065630,3.97,120.325,44.209,0.000,,19,28,,
T,2024-12-17 07:12:30,47.66766362,17.64065631,3.97,120.319,44.209,0.000,,19,28,,
T,2024-12-17 07:12:31,47.66766351,17.64065626,4.00,120.327,44.209,0.000,,19,27,,
T,2024-12-17 07:12:32,47.66766357,17.64065627,4.02,120.343,44.209,0.000,,19,27,,
T,2024-12-17 07:12:33,47.66766356,17.64065622,3.99,120.342,44.209,0.000,,19,27,,
T,2024-12-17 07:12:34,47.66766358,17.64065616,3.93,120.344,44.209,0.000,,19,27,,
T,2024-12-17 07:12:35,47.66766193,17.64065163,3.94,120.402,44.209,0.210,252,19,27,,
T,2024-12-17 07:12:36,47.66765172,17.64061499,3.89,120.443,44.209,2.930,253,19,27,,
T,2024-12-17 07:12:37,47.66764132,17.64055350,3.88,120.378,44.209,5.260,257,21,27,,
T,2024-12-17 07:12:38,47.66762309,17.64048547,3.82,120.187,44.209,5.930,251,21,27,,
T,2024-12-17 07:12:39,47.66761801,17.64042460,3.80,119.103,44.209,4.950,262,20,27,,
T,2024-12-17 07:12:40,47.66759921,17.64033724,3.79,118.889,44.209,7.180,255,20,27,,
T,2024-12-17 07:12:41,47.66757706,17.64023466,3.79,119.014,44.209,8.950,255,20,27,,
T,2024-12-17 07:12:42,47.66754837,17.64010757,3.88,118.984,44.209,10.510,253,20,28,,
T,2024-12-17 07:12:43,47.66751776,17.63997030,4.12,118.507,44.209,11.380,253,19,28,,
T,2024-12-17 07:12:44,47.66748662,17.63982928,4.48,118.520,44.210,10.920,252,20,29,,
T,2024-12-17 07:12:45,47.66745719,17.63967750,4.53,117.758,44.210,11.850,254,22,29,,
T,2024-12-17 07:12:46,47.66742412,17.63952436,4.15,118.181,44.210,12.450,252,23,29,,
T,2024-12-17 07:12:47,47.66739329,17.63936767,3.92,117.612,44.210,12.520,253,22,30,,
T,2024-12-17 07:12:48,47.66736052,17.63920536,3.79,117.621,44.210,12.770,253,22,30,,
T,2024-12-17 07:12:49,47.66732325,17.63903818,3.79,118.379,44.210,13.430,251,21,30,,
T,2024-12-17 07:12:50,47.66729382,17.63887638,3.79,117.991,44.210,12.760,254,21,30,,
T,2024-12-17 07:12:51,47.66725944,17.63871298,3.79,118.364,44.210,12.530,254,19,30,,
T,2024-12-17 07:12:52,47.66722268,17.63856064,3.79,119.166,44.210,12.140,252,17,30,,
T,2024-12-17 07:12:53,47.66718959,17.63840223,3.79,118.904,44.210,12.140,253,17,30,,
T,2024-12-17 07:12:54,47.66715896,17.63824384,3.79,118.826,44.210,12.550,254,18,30,,
T,2024-12-17 07:12:55,47.66712819,17.63808147,3.79,118.952,44.210,12.640,254,18,30,,
T,2024-12-17 07:12:56,47.66709675,17.63792099,3.79,119.405,44.210,12.360,254,18,30,,
T,2024-12-17 07:12:57,47.66706394,17.63775894,3.79,119.288,44.211,12.270,253,16,30,,
T,2024-12-17 07:12:58,47.66702227,17.63759799,3.79,119.844,44.211,12.310,250,18,30,,
T,2024-12-17 07:12:59,47.66698166,17.63744394,3.79,120.556,44.211,12.400,250,20,30,,
T,2024-12-17 07:13:00,47.66694887,17.63729480,3.79,120.410,44.211,12.040,251,23,30,,
T,2024-12-17 07:13:01,47.66691872,17.63714703,3.79,120.236,44.211,11.570,252,23,30,,
T,2024-12-17 07:13:02,47.66688851,17.63700316,3.79,120.315,44.211,11.090,254,23,30,,
T,2024-12-17 07:13:03,47.66686176,17.63686510,3.79,120.297,44.211,10.320,254,24,30,,
T,2024-12-17 07:13:04,47.66684406,17.63674401,3.79,120.677,44.211,9.000,257,24,30,,
T,2024-12-17 07:13:05,47.66683682,17.63663119,3.79,120.924,44.211,8.190,263,23,30,,
T,2024-12-17 07:13:06,47.66683094,17.63654440,3.79,120.675,44.211,7.070,279,22,30,,
T,2024-12-17 07:13:07,47.66684776,17.63643508,3.79,119.932,44.211,8.060,282,22,30,,
T,2024-12-17 07:13:08,47.66687887,17.63632457,3.79,118.766,44.211,8.680,287,22,30,,
T,2024-12-17 07:13:09,47.66689750,17.63623361,3.79,119.273,44.211,7.750,289,23,30,,
T,2024-12-17 07:13:10,47.66692034,17.63615153,3.79,119.917,44.211,6.270,291,23,30,,
T,2024-12-17 07:13:11,47.66693633,17.63608711,3.79,119.655,44.211,4.170,291,23,30,,
T,2024-12-17 07:13:12,47.66694573,17.63604355,3.79,119.838,44.211,2.530,291,24,30,,
T,2024-12-17 07:13:13,47.66694774,17.63602105,3.79,119.866,44.211,1.060,291,25,30,,
T,2024-12-17 07:13:14,47.66695384,17.63600223,3.79,120.025,44.211,0.740,291,25,30,,
T,2024-12-17 07:13:15,47.66695680,17.63600367,3.79,120.124,44.211,0.000,,25,30,,
T,2024-12-17 07:13:16,47.66696074,17.63600363,3.79,120.135,44.211,0.000,,25,30,,
T,2024-12-17 07:13:17,47.66695972,17.63600815,3.79,119.048,44.211,0.000,,25,30,,
T,2024-12-17 07:13:18,47.66695787,17.63601289,3.79,118.667,44.211,0.260,291,25,30,,
T,2024-12-17 07:13:19,47.66695464,17.63601297,3.79,120.123,44.211,0.000,,25,30,,
T,2024-12-17 07:13:20,47.66695355,17.63600634,3.79,120.297,44.211,0.380,291,25,30,,
T,2024-12-17 07:13:21,47.66696119,17.63596949,3.79,120.088,44.211,3.850,288,25,30,,
T,2024-12-17 07:13:22,47.66697828,17.63592214,3.79,119.872,44.211,5.070,289,25,30,,
T,2024-12-17 07:13:23,47.66700354,17.63586330,3.79,119.743,44.211,5.770,294,24,30,,
T,2024-12-17 07:13:24,47.66701997,17.63580902,3.79,118.733,44.211,5.090,305,24,30,,
T,2024-12-17 07:13:25,47.66706949,17.63574988,3.79,118.913,44.211,7.580,326,25,30,,
T,2024-12-17 07:13:26,47.66714030,17.63571775,3.79,119.537,44.210,8.540,344,25,30,,
T,2024-12-17 07:13:27,47.66720592,17.63570020,3.79,118.759,44.210,9.220,356,25,30,,
T,2024-12-17 07:13:28,47.66728251,17.63568152,3.79,118.169,44.210,10.450,352,25,30,,
T,2024-12-17 07:13:29,47.66737731,17.63565865,3.79,118.917,44.210,10.330,352,25,30,,
T,2024-12-17 07:13:30,47.66747307,17.63562705,3.79,118.563,44.210,10.980,350,25,30,,
T,2024-12-17 07:13:31,47.66757314,17.63559876,3.79,119.079,44.209,11.510,348,25,30,,
T,2024-12-17 07:13:32,47.66767581,17.63556440,3.79,118.722,44.209,11.920,346,25,30,,
T,2024-12-17 07:13:33,47.66778552,17.63552689,3.79,118.931,44.209,12.880,346,25,30,,
T,2024-12-17 07:13:34,47.66790771,17.63547524,3.79,118.243,44.209,13.780,344,25,30,,
T,2024-12-17 07:13:35,47.66802488,17.63542830,3.79,118.692,44.208,13.650,345,25,30,,
T,2024-12-17 07:13:36,47.66813440,17.63538959,3.79,118.571,44.208,13.190,345,25,30,,
T,2024-12-17 07:13:37,47.66824925,17.63534871,3.79,118.752,44.208,12.970,347,25,30,,
T,2024-12-17 07:13:38,47.66836665,17.63530464,3.79,118.546,44.208,13.570,346,25,30,,
T,2024-12-17 07:13:39,47.66849110,17.63526305,3.79,118.265,44.207,14.270,347,25,31,,
T,2024-12-17 07:13:40,47.66861570,17.63522243,3.79,118.329,44.207,14.470,347,25,31,,
T,2024-12-17 07:13:41,47.66873735,17.63518586,3.79,118.301,44.207,14.220,347,25,31,,
T,2024-12-17 07:13:42,47.66886135,17.63514290,3.79,118.203,44.206,14.030,347,25,31,,
T,2024-12-17 07:13:43,47.66898260,17.63510297,3.79,117.790,44.206,14.200,347,25,31,,
T,2024-12-17 07:13:44,47.66910490,17.63506021,3.79,117.598,44.206,14.260,347,25,31,,
T,2024-12-17 07:13:45,47.66923340,17.63501489,3.79,117.770,44.205,14.340,346,25,31,,
T,2024-12-17 07:13:46,47.66935601,17.63496985,3.79,117.563,44.205,14.050,347,25,31,,
T,2024-12-17 07:13:47,47.66947611,17.63492596,3.79,117.681,44.205,14.160,346,25,31,,
T,2024-12-17 07:13:48,47.66960378,17.63488183,3.79,117.365,44.205,15.090,347,25,31,,
T,2024-12-17 07:13:49,47.66973807,17.63482654,3.79,116.559,44.204,15.950,348,24,31,,
T,2024-12-17 07:13:50,47.66987286,17.63478265,3.79,116.410,44.204,15.510,347,25,31,,
T,2024-12-17 07:13:51,47.67000110,17.63474335,3.79,116.459,44.204,13.730,349,25,31,,
T,2024-12-17 07:13:52,47.67010636,17.63471250,3.79,116.562,44.203,10.440,348,25,31,,
T,2024-12-17 07:13:53,47.67018562,17.63468805,3.79,116.470,44.203,7.620,347,25,31,,
T,2024-12-17 07:13:54,47.67025583,17.63466088,3.79,116.135,44.203,7.170,346,25,31,,
T,2024-12-17 07:13:55,47.67030273,17.63463838,3.79,116.149,44.203,4.540,345,25,31,,
T,2024-12-17 07:13:56,47.67033435,17.63462460,3.79,116.428,44.203,2.960,345,25,31,,
T,2024-12-17 07:13:57,47.67035903,17.63461489,3.79,116.742,44.203,2.080,348,25,31,,
T,2024-12-17 07:13:58,47.67036831,17.63462353,3.79,116.524,44.203,0.980,345,25,31,,
T,2024-12-17 07:13:59,47.67036454,17.63462428,3.79,117.956,44.203,0.000,,24,31,,
T,2024-12-17 07:14:00,47.67036050,17.63462255,3.79,117.559,44.203,0.000,,23,30,,
T,2024-12-17 07:14:01,47.67036226,17.63462153,3.79,117.431,44.203,0.000,,23,30,,
T,2024-12-17 07:14:02,47.67036341,17.63462075,3.83,117.232,44.203,0.000,,23,30,,
T,2024-12-17 07:14:03,47.67036426,17.63461940,3.87,117.182,44.203,0.000,,23,30,,
T,2024-12-17 07:14:04,47.67036424,17.63461933,3.94,117.127,44.203,0.000,,23,30,,
T,2024-12-17 07:14:05,47.67036398,17.63461875,4.05,117.232,44.203,0.000,,23,30,,
T,2024-12-17 07:14:06,47.67036129,17.63461729,3.89,117.382,44.203,0.000,,23,30,,
T,2024-12-17 07:14:07,47.67037059,17.63461262,4.05,116.264,44.203,0.000,,24,30,,
T,2024-12-17 07:14:08,47.67036996,17.63461011,3.86,116.688,44.203,0.000,,24,30,,
T,2024-12-17 07:14:09,47.67036636,17.63461040,3.79,117.503,44.203,0.000,,23,30,,
T,2024-12-17 07:14:10,47.67036715,17.63461302,3.79,117.971,44.203,0.000,,23,30,,
T,2024-12-17 07:14:11,47.67036378,17.63461988,3.79,118.523,44.203,0.000,,23,30,,
T,2024-12-17 07:14:12,47.67036250,17.63462404,3.79,118.894,44.203,0.000,,23,30,,
T,2024-12-17 07:14:13,47.67036146,17.63462646,3.79,118.996,44.203,0.000,,24,30,,
T,2024-12-17 07:14:14,47.67036074,17.63462726,3.79,119.102,44.203,0.000,,24,30,,
T,2024-12-17 07:14:15,47.67036230,17.63462763,3.79,119.331,44.203,0.000,,24,30,,
T,2024-12-17 07:14:16,47.67036260,17.63462640,3.79,119.155,44.203,0.000,,24,30,,
T,2024-12-17 07:14:17,47.67036306,17.63462702,3.79,119.251,44.203,0.000,,24,30,,
T,2024-12-17 07:14:18,47.67036385,17.63462752,3.79,119.348,44.203,0.000,,23,30,,
T,2024-12-17 07:14:19,47.67036357,17.63462770,3.79,119.407,44.203,0.000,,24,30,,
T,2024-12-17 07:14:20,47.67036343,17.63462763,3.79,119.421,44.203,0.000,,24,30,,
T,2024-12-17 07:14:21,47.67036344,17.63462789,3.79,119.447,44.203,0.000,,24,30,,
T,2024-12-17 07:14:22,47.67036335,17.63462788,3.79,119.462,44.203,0.000,,24,30,,
T,2024-12-17 07:14:23,47.67036309,17.63462785,3.79,119.462,44.203,0.000,,24,30,,
T,2024-12-17 07:14:24,47.67036326,17.63462763,3.79,119.443,44.203,0.000,,24,30,,
T,2024-12-17 07:14:25,47.67036335,17.63462750,3.79,119.437,44.203,0.000,,23,30,,
T,2024-12-17 07:14:26,47.67036336,17.63462744,3.79,119.443,44.203,0.000,,23,30,,
T,2024-12-17 07:14:27,47.67036326,17.63462744,3.79,119.436,44.203,0.000,,23,30,,
T,2024-12-17 07:14:28,47.67036337,17.63462749,3.79,119.451,44.203,0.000,,24,30,,
T,2024-12-17 07:14:29,47.67036335,17.63462747,3.79,119.453,44.203,0.000,,24,29,,
T,2024-12-17 07:14:30,47.67036331,17.63462748,3.79,119.456,44.203,0.000,,24,29,,
T,2024-12-17 07:14:31,47.67036331,17.63462749,3.79,119.461,44.203,0.000,,24,29,,
T,2024-12-17 07:14:32,47.67036335,17.63462754,3.79,119.471,44.203,0.000,,24,29,,
T,2024-12-17 07:14:33,47.67036335,17.63462755,3.79,119.478,44.203,0.000,,24,29,,
T,2024-12-17 07:14:34,47.67036337,17.63462756,3.79,119.486,44.203,0.000,,23,29,,
T,2024-12-17 07:14:35,47.67036349,17.63462763,3.79,119.504,44.203,0.000,,23,29,,
T,2024-12-17 07:14:36,47.67036352,17.63462759,3.79,119.511,44.203,0.000,,23,29,,
T,2024-12-17 07:14:37,47.67036368,17.63462768,3.79,119.530,44.203,0.000,,23,29,,
T,2024-12-17 07:14:38,47.67036375,17.63462765,3.79,119.539,44.203,0.000,,23,29,,
T,2024-12-17 07:14:39,47.67036388,17.63462776,3.79,119.554,44.203,0.000,,23,29,,
T,2024-12-17 07:14:40,47.67036401,17.63462776,3.79,119.566,44.203,0.000,,24,29,,
T,2024-12-17 07:14:41,47.67036360,17.63462780,3.79,119.539,44.203,0.000,,24,29,,
T,2024-12-17 07:14:42,47.67036366,17.63462789,3.79,119.548,44.203,0.000,,24,29,,
T,2024-12-17 07:14:43,47.67036342,17.63462787,3.79,119.529,44.203,0.000,,24,29,,
T,2024-12-17 07:14:44,47.67036329,17.63462788,3.79,119.520,44.203,0.000,,24,29,,
T,2024-12-17 07:14:45,47.67036344,17.63462706,3.79,119.547,44.203,0.000,,24,29,,
T,2024-12-17 07:14:46,47.67036369,17.63462654,3.79,119.647,44.203,0.000,,26,29,,
T,2024-12-17 07:14:47,47.67036402,17.63462600,3.79,119.778,44.203,0.000,,26,29,,
T,2024-12-17 07:14:48,47.67036403,17.63462601,3.79,119.779,44.203,0.000,,26,29,,
T,2024-12-17 07:14:49,47.67036652,17.63462315,3.79,119.769,44.203,0.310,345,26,30,,
T,2024-12-17 07:14:50,47.67038931,17.63461323,3.79,120.364,44.203,3.110,342,26,30,,
T,2024-12-17 07:14:51,47.67043833,17.63459467,3.79,119.762,44.203,6.360,345,26,30,,
T,2024-12-17 07:14:52,47.67048872,17.63457265,3.79,119.912,44.203,7.000,346,27,30,,
T,2024-12-17 07:14:53,47.67055339,17.63455418,3.79,119.766,44.202,7.720,348,26,30,,
T,2024-12-17 07:14:54,47.67063049,17.63452551,3.79,119.514,44.202,9.470,348,26,30,,
T,2024-12-17 07:14:55,47.67071949,17.63449831,3.79,119.259,44.202,10.820,348,26,30,,
T,2024-12-17 07:14:56,47.67081900,17.63446754,3.79,118.941,44.202,12.090,347,27,30,,
T,2024-12-17 07:14:57,47.67091255,17.63442986,3.79,118.219,44.202,11.630,346,27,30,,
T,2024-12-17 07:14:58,47.67101970,17.63438417,3.79,118.160,44.201,13.030,346,27,30,,
T,2024-12-17 07:14:59,47.67113286,17.63433809,3.79,117.629,44.201,13.880,346,27,30,,
T,2024-12-17 07:15:00,47.67125377,17.63428995,3.79,117.276,44.201,14.670,346,27,30,,
T,2024-12-17 07:15:01,47.67138837,17.63423012,3.79,116.521,44.200,15.060,346,27,30,,
T,2024-12-17 07:15:02,47.67152248,17.63417012,3.79,116.282,44.200,14.970,344,27,30,,
T,2024-12-17 07:15:03,47.67165098,17.63411189,3.79,116.498,44.200,14.760,343,27,30,,
T,2024-12-17 07:15:04,47.67178535,17.63405413,3.79,116.753,44.199,15.700,344,27,30,,
T,2024-12-17 07:15:05,47.67192012,17.63400035,3.79,116.774,44.199,15.800,346,27,30,,
T,2024-12-17 07:15:06,47.67205468,17.63394878,3.79,116.218,44.199,15.480,346,27,30,,
T,2024-12-17 07:15:07,47.67218466,17.63390035,3.79,116.217,44.199,14.910,346,27,30,,
T,2024-12-17 07:15:08,47.67231547,17.63385123,3.79,117.177,44.198,14.740,345,27,30,,
T,2024-12-17 07:15:09,47.67244215,17.63379805,3.79,117.015,44.198,14.270,345,26,30,,
T,2024-12-17 07:15:10,47.67255850,17.63375099,3.79,116.938,44.198,13.080,345,26,30,,
T,2024-12-17 07:15:11,47.67266485,17.63370798,3.79,117.069,44.197,11.460,344,26,30,,
T,2024-12-17 07:15:12,47.67275605,17.63366555,3.79,117.016,44.197,9.790,343,26,30,,
T,2024-12-17 07:15:13,47.67284042,17.63363131,3.79,117.096,44.197,8.630,341,27,30,,
T,2024-12-17 07:15:14,47.67290139,17.63359868,3.79,117.336,44.197,6.170,339,27,30,,
T,2024-12-17 07:15:15,47.67296107,17.63357665,3.79,117.864,44.197,4.410,338,27,30,,
T,2024-12-17 07:15:16,47.67298604,17.63355480,3.79,117.785,44.197,2.610,337,27,30,,
T,2024-12-17 07:15:17,47.67300704,17.63354172,3.79,117.359,44.197,1.580,338,27,30,,
T,2024-12-17 07:15:18,47.67301776,17.63353587,3.79,117.171,44.197,0.920,338,27,30,,
T,2024-12-17 07:15:19,47.67301870,17.63353615,3.79,117.197,44.197,0.540,338,26,30,,
T,2024-12-17 07:15:20,47.67302490,17.63353147,3.79,117.192,44.197,0.690,338,26,30,,
T,2024-12-17 07:15:21,47.67304329,17.63352097,3.79,116.800,44.196,2.980,336,26,30,,
T,2024-12-17 07:15:22,47.67307869,17.63349888,3.79,116.791,44.196,5.130,338,26,30,,
T,2024-12-17 07:15:23,47.67312833,17.63346665,3.79,116.557,44.196,6.590,336,26,30,,
T,2024-12-17 07:15:24,47.67318525,17.63343024,3.79,116.355,44.196,7.380,334,26,30,,
T,2024-12-17 07:15:25,47.67324863,17.63339251,3.79,117.236,44.196,7.470,334,26,30,,
T,2024-12-17 07:15:26,47.67331179,17.63333887,3.79,117.109,44.196,8.880,332,26,30,,
T,2024-12-17 07:15:27,47.67338899,17.63327208,3.79,117.376,44.196,9.860,331,26,30,,
T,2024-12-17 07:15:28,47.67346621,17.63320380,3.79,117.466,44.195,10.170,330,26,30,,
T,2024-12-17 07:15:29,47.67354051,17.63313616,3.79,117.717,44.195,9.890,327,26,30,,
T,2024-12-17 07:15:30,47.67361731,17.63306374,3.79,118.136,44.195,10.140,327,26,30,,
T,2024-12-17 07:15:31,47.67369310,17.63298610,3.79,118.176,44.195,10.340,326,27,30,,
T,2024-12-17 07:15:32,47.67377231,17.63289916,3.79,118.301,44.195,10.890,322,27,30,,
T,2024-12-17 07:15:33,47.67385379,17.63280834,3.79,118.529,44.195,11.780,321,27,30,,
T,2024-12-17 07:15:34,47.67393562,17.63271472,3.79,119.070,44.194,11.440,320,27,30,,
T,2024-12-17 07:15:35,47.67402006,17.63260996,3.79,118.487,44.194,12.350,319,27,30,,
T,2024-12-17 07:15:36,47.67410289,17.63250170,3.79,118.854,44.194,12.410,318,27,30,,
T,2024-12-17 07:15:37,47.67418647,17.63238923,3.79,118.727,44.194,12.390,317,27,30,,
T,2024-12-17 07:15:38,47.67426590,17.63227060,3.79,118.454,44.194,12.360,314,27,30,,
T,2024-12-17 07:15:39,47.67434545,17.63213871,3.79,118.199,44.193,13.070,312,27,30,,
T,2024-12-17 07:15:40,47.67442431,17.63200945,3.79,117.674,44.193,13.530,312,27,30,,
T,2024-12-17 07:15:41,47.67450573,17.63187083,3.79,117.806,44.193,13.480,310,27,30,,
T,2024-12-17 07:15:42,47.67458644,17.63173264,3.79,117.725,44.193,13.590,310,27,30,,
T,2024-12-17 07:15:43,47.67466573,17.63160076,3.79,117.451,44.193,13.150,311,27,30,,
T,2024-12-17 07:15:44,47.67473906,17.63147051,3.79,117.286,44.193,12.760,310,27,30,,
T,2024-12-17 07:15:45,47.67481402,17.63134695,3.79,117.383,44.192,12.200,311,27,30,,
T,2024-12-17 07:15:46,47.67489329,17.63122359,3.79,117.482,44.192,12.400,314,27,30,,
T,2024-12-17 07:15:47,47.67496123,17.63110828,3.79,117.256,44.192,11.900,314,27,30,,
T,2024-12-17 07:15:48,47.67503781,17.63098465,3.79,117.281,44.192,12.430,312,27,30,,
T,2024-12-17 07:15:49,47.67511294,17.63085792,3.79,117.344,44.192,13.120,308,26,30,,
T,2024-12-17 07:15:50,47.67518106,17.63072360,3.79,117.647,44.191,12.890,307,26,30,,
T,2024-12-17 07:15:51,47.67525769,17.63058040,3.79,117.709,44.191,13.670,307,25,30,,
T,2024-12-17 07:15:52,47.67533490,17.63043880,3.79,118.212,44.191,14.120,307,25,30,,
T,2024-12-17 07:15:53,47.67540876,17.63028592,3.79,118.632,44.191,14.560,306,25,30,,
T,2024-12-17 07:15:54,47.67549017,17.63012932,3.79,118.776,44.191,15.010,306,25,30,,
T,2024-12-17 07:15:55,47.67556812,17.62996808,3.79,119.052,44.191,15.440,306,24,30,,
T,2024-12-17 07:15:56,47.67565906,17.62980248,3.79,119.171,44.190,15.800,308,24,30,,
T,2024-12-17 07:15:57,47.67575265,17.62963511,3.79,118.734,44.190,16.190,311,25,30,,
T,2024-12-17 07:15:58,47.67584808,17.62946711,3.79,118.452,44.190,16.230,311,25,30,,
T,2024-12-17 07:15:59,47.67594177,17.62930049,3.79,118.414,44.190,16.660,310,25,30,,
T,2024-12-17 07:16:00,47.67603584,17.62913016,3.79,118.725,44.189,17.010,310,25,30,,
T,2024-12-17 07:16:01,47.67613065,17.62895258,3.79,119.067,44.189,17.240,309,25,30,,
T,2024-12-17 07:16:02,47.67622531,17.62877873,3.79,119.273,44.189,16.660,309,25,30,,
T,2024-12-17 07:16:03,47.67632293,17.62859758,3.79,119.713,44.189,17.510,309,25,30,,
T,2024-12-17 07:16:04,47.67641859,17.62841087,3.79,119.737,44.189,17.710,308,24,30,,
T,2024-12-17 07:16:05,47.67651896,17.62822446,3.79,119.667,44.188,17.830,308,23,30,,
T,2024-12-17 07:16:06,47.67661632,17.62803617,3.79,120.160,44.188,18.100,309,24,30,,
T,2024-12-17 07:16:07,47.67672123,17.62784817,3.79,120.146,44.188,18.360,309,25,30,,
T,2024-12-17 07:16:08,47.67682604,17.62765986,3.79,120.342,44.188,18.280,310,25,30,,
T,2024-12-17 07:16:09,47.67693154,17.62747747,3.79,120.678,44.187,17.920,311,25,30,,
T,2024-12-17 07:16:10,47.67703284,17.62729837,3.79,121.025,44.187,17.530,311,26,30,,
T,2024-12-17 07:16:11,47.67714454,17.62712224,3.79,121.007,44.187,17.520,313,27,30,,
T,2024-12-17 07:16:12,47.67725229,17.62695242,3.79,121.672,44.187,17.800,315,28,30,,
T,2024-12-17 07:16:13,47.67736761,17.62678456,3.79,122.019,44.186,17.980,315,27,30,,
T,2024-12-17 07:16:14,47.67748724,17.62661815,3.79,122.385,44.186,18.120,316,27,30,,
T,2024-12-17 07:16:15,47.67760741,17.62645617,3.79,122.614,44.186,18.160,318,27,30,,
T,2024-12-17 07:16:16,47.67772895,17.62629958,3.79,122.757,44.186,17.880,319,28,30,,
T,2024-12-17 07:16:17,47.67785137,17.62614613,3.79,123.135,44.185,17.550,320,28,30,,
T,2024-12-17 07:16:18,47.67797419,17.62599914,3.79,122.166,44.185,17.620,322,28,30,,
T,2024-12-17 07:16:19,47.67809776,17.62585832,3.79,122.957,44.185,17.390,323,28,30,,
T,2024-12-17 07:16:20,47.67822475,17.62572271,3.79,123.275,44.184,17.360,325,28,30,,
T,2024-12-17 07:16:21,47.67834946,17.62559357,3.79,123.710,44.184,17.150,325,28,30,,
T,2024-12-17 07:16:22,47.67847908,17.62546581,3.79,123.850,44.184,16.770,327,28,30,,
T,2024-12-17 07:16:23,47.67860577,17.62534599,3.79,124.311,44.183,16.310,328,28,30,,
T,2024-12-17 07:16:24,47.67873098,17.62523531,3.79,124.614,44.183,15.750,328,28,30,,
T,2024-12-17 07:16:25,47.67885347,17.62513059,3.79,125.286,44.183,15.550,330,28,30,,
T,2024-12-17 07:16:26,47.67897873,17.62502672,3.79,125.238,44.183,15.900,332,27,30,,
T,2024-12-17 07:16:27,47.67910436,17.62493291,3.79,125.726,44.182,15.850,335,28,30,,
T,2024-12-17 07:16:28,47.67922760,17.62485217,3.79,125.520,44.182,15.360,336,28,30,,
T,2024-12-17 07:16:29,47.67935638,17.62477273,3.79,125.574,44.182,15.150,338,28,30,,
T,2024-12-17 07:16:30,47.67948272,17.62469669,3.79,125.487,44.181,15.070,340,28,30,,
T,2024-12-17 07:16:31,47.67960926,17.62463558,3.79,125.416,44.181,14.770,343,28,30,,
T,2024-12-17 07:16:32,47.67973472,17.62458433,3.79,125.333,44.181,14.300,346,28,30,,
T,2024-12-17 07:16:33,47.67985367,17.62452723,3.79,124.728,44.181,14.670,348,28,30,,
T,2024-12-17 07:16:34,47.67998377,17.62448311,3.79,124.397,44.180,14.960,349,28,30,,
T,2024-12-17 07:16:35,47.68011755,17.62445040,3.79,124.415,44.180,14.920,351,28,30,,
T,2024-12-17 07:16:36,47.68024638,17.62442890,3.79,123.871,44.180,14.540,354,28,30,,
T,2024-12-17 07:16:37,47.68037688,17.62441481,3.79,123.442,44.179,14.570,356,28,30,,
T,2024-12-17 07:16:38,47.68050536,17.62440579,3.79,123.114,44.179,14.590,358,28,30,,
T,2024-12-17 07:16:39,47.68063265,17.62440789,3.79,121.873,44.179,14.480,3,28,30,,
T,2024-12-17 07:16:40,47.68075993,17.62443149,3.79,121.816,44.178,14.220,8,28,30,,
T,2024-12-17 07:16:41,47.68088769,17.62446769,3.79,121.438,44.178,14.630,13,28,30,,
T,2024-12-17 07:16:42,47.68101462,17.62451759,3.79,120.791,44.178,14.820,18,28,30,,
T,2024-12-17 07:16:43,47.68114121,17.62458653,3.79,120.455,44.178,15.190,20,28,30,,
T,2024-12-17 07:16:44,47.68125748,17.62467462,3.79,120.010,44.177,14.720,29,28,30,,
T,2024-12-17 07:16:45,47.68136581,17.62478157,3.79,119.939,44.177,14.330,36,28,30,,
T,2024-12-17 07:16:46,47.68146456,17.62489440,3.79,119.503,44.177,13.930,41,28,30,,
T,2024-12-17 07:16:47,47.68155408,17.62501973,3.79,119.463,44.177,13.730,46,28,30,,
T,2024-12-17 07:16:48,47.68164993,17.62515343,3.79,118.342,44.176,14.760,46,28,30,,
T,2024-12-17 07:16:49,47.68174396,17.62529349,3.79,117.780,44.176,14.940,48,28,30,,
T,2024-12-17 07:16:50,47.68183047,17.62543850,3.79,117.969,44.176,14.840,48,28,30,,
T,2024-12-17 07:16:51,47.68192266,17.62558045,3.79,117.214,44.176,14.760,49,28,30,,
T,2024-12-17 07:16:52,47.68201220,17.62572056,3.79,117.070,44.175,14.240,49,28,30,,
T,2024-12-17 07:16:53,47.68209634,17.62585814,3.79,116.944,44.175,13.630,49,28,30,,
T,2024-12-17 07:16:54,47.68217431,17.62599515,3.79,116.810,44.175,13.500,51,28,30,,
T,2024-12-17 07:16:55,47.68225175,17.62613656,3.79,116.948,44.175,13.560,50,27,30,,
T,2024-12-17 07:16:56,47.68232892,17.62627705,3.79,116.699,44.175,13.880,50,27,30,,
T,2024-12-17 07:16:57,47.68240591,17.62641053,3.79,116.825,44.174,13.210,49,28,30,,
T,2024-12-17 07:16:58,47.68248664,17.62654683,3.79,116.928,44.174,13.160,46,28,30,,
T,2024-12-17 07:16:59,47.68255819,17.62667494,3.79,116.643,44.174,11.770,49,28,30,,
T,2024-12-17 07:17:00,47.68263003,17.62679270,3.79,116.886,44.174,11.150,46,27,30,,
T,2024-12-17 07:17:01,47.68269949,17.62689941,3.79,116.881,44.174,10.450,45,28,30,,
T,2024-12-17 07:17:02,47.68276207,17.62699244,3.79,116.443,44.174,9.500,45,28,30,,
T,2024-12-17 07:17:03,47.68282354,17.62708742,3.79,116.812,44.173,9.930,44,28,30,,
T,2024-12-17 07:17:04,47.68289267,17.62717813,3.79,116.887,44.173,10.170,41,27,30,,
T,2024-12-17 07:17:05,47.68295244,17.62725708,3.79,116.860,44.173,8.730,40,27,30,,
T,2024-12-17 07:17:06,47.68300307,17.62733132,3.79,117.058,44.173,7.420,38,26,30,,
T,2024-12-17 07:17:07,47.68305600,17.62739802,3.79,117.070,44.173,7.260,37,25,30,,
T,2024-12-17 07:17:08,47.68310372,17.62746172,3.79,117.478,44.173,7.100,38,22,30,,
T,2024-12-17 07:17:09,47.68315990,17.62753012,3.79,117.814,44.173,7.680,41,22,30,,
T,2024-12-17 07:17:10,47.68321228,17.62759805,3.79,117.615,44.173,8.160,39,22,30,,
T,2024-12-17 07:17:11,47.68325981,17.62765816,3.79,117.504,44.172,6.610,41,22,30,,
T,2024-12-17 07:17:12,47.68329688,17.62771243,3.79,117.261,44.172,5.490,45,22,30,,
T,2024-12-17 07:17:13,47.68332339,17.62774628,3.79,117.241,44.172,3.800,45,22,30,,
T,2024-12-17 07:17:14,47.68334315,17.62777957,3.79,116.751,44.172,3.350,50,22,30,,
T,2024-12-17 07:17:15,47.68337044,17.62782286,3.79,117.571,44.172,4.190,55,22,30,,
T,2024-12-17 07:17:16,47.68339072,17.62788848,3.79,117.988,44.172,6.050,64,24,30,,
T,2024-12-17 07:17:17,47.68340921,17.62795517,3.79,118.311,44.172,5.540,65,25,30,,
T,2024-12-17 07:17:18,47.68344679,17.62800725,3.79,118.515,44.172,5.390,45,25,30,,
T,2024-12-17 07:17:19,47.68349480,17.62803508,3.79,118.409,44.172,6.020,15,26,30,,
T,2024-12-17 07:17:20,47.68353785,17.62802974,3.79,118.053,44.172,4.820,338,26,30,,
T,2024-12-17 07:17:21,47.68357860,17.62798221,3.79,117.859,44.172,5.850,315,27,30,,
T,2024-12-17 07:17:22,47.68360874,17.62791191,3.79,117.302,44.172,5.470,290,27,30,,
T,2024-12-17 07:17:23,47.68363142,17.62784886,3.79,117.067,44.172,5.620,301,25,30,,
T,2024-12-17 07:17:24,47.68367466,17.62779226,3.79,117.014,44.171,6.840,322,26,30,,
T,2024-12-17 07:17:25,47.68373588,17.62773818,3.79,117.869,44.171,8.410,336,26,30,,
T,2024-12-17 07:17:26,47.68379180,17.62768457,3.79,117.351,44.171,8.830,332,26,30,,
T,2024-12-17 07:17:27,47.68385764,17.62762301,3.79,117.064,44.171,9.920,332,27,30,,
T,2024-12-17 07:17:28,47.68393710,17.62755585,3.79,117.977,44.171,10.110,332,27,30,,
T,2024-12-17 07:17:29,47.68401551,17.62748679,3.79,117.894,44.171,9.850,332,28,30,,
T,2024-12-17 07:17:30,47.68409256,17.62742107,3.79,117.888,44.170,10.110,331,28,30,,
T,2024-12-17 07:17:31,47.68417330,17.62736001,3.79,118.139,44.170,10.670,333,28,30,,
T,2024-12-17 07:17:32,47.68425185,17.62729472,3.79,117.487,44.170,9.840,332,28,30,,
T,2024-12-17 07:17:33,47.68432945,17.62723766,3.79,117.958,44.170,9.520,332,28,30,,
T,2024-12-17 07:17:34,47.68440158,17.62718429,3.79,118.196,44.170,8.930,335,28,30,,
T,2024-12-17 07:17:35,47.68446783,17.62713479,3.79,117.825,44.170,8.300,331,28,30,,
T,2024-12-17 07:17:36,47.68453350,17.62707343,3.79,117.675,44.169,8.250,333,28,30,,
T,2024-12-17 07:17:37,47.68459441,17.62702839,3.79,117.615,44.169,7.800,332,28,30,,
T,2024-12-17 07:17:38,47.68464181,17.62697861,3.79,117.171,44.169,6.250,325,28,30,,
T,2024-12-17 07:17:39,47.68469033,17.62692683,3.79,116.882,44.169,5.990,316,28,30,,
T,2024-12-17 07:17:40,47.68473128,17.62686814,3.79,116.157,44.169,5.640,313,28,30,,
T,2024-12-17 07:17:41,47.68475778,17.62682000,3.79,115.848,44.169,4.480,311,28,30,,
T,2024-12-17 07:17:42,47.68478325,17.62677462,3.79,115.720,44.169,4.480,311,28,30,,
T,2024-12-17 07:17:43,47.68482481,17.62672067,3.79,115.746,44.169,6.250,320,28,30,,
T,2024-12-17 07:17:44,47.68487804,17.62667432,3.79,115.660,44.169,7.700,332,28,30,,
T,2024-12-17 07:17:45,47.68494077,17.62664702,3.79,115.903,44.169,8.390,347,28,30,,
T,2024-12-17 07:17:46,47.68501786,17.62664198,3.79,115.936,44.168,9.120,3,28,30,,
T,2024-12-17 07:17:47,47.68510052,17.62664769,3.79,115.360,44.168,9.380,5,28,30,,
T,2024-12-17 07:17:48,47.68519352,17.62664905,3.79,115.708,44.168,10.340,359,28,30,,
T,2024-12-17 07:17:49,47.68528461,17.62664575,3.79,115.553,44.168,10.220,356,28,30,,
T,2024-12-17 07:17:50,47.68538265,17.62664490,3.79,116.355,44.167,10.520,360,28,30,,
T,2024-12-17 07:17:51,47.68547609,17.62664411,3.79,117.019,44.167,9.970,358,28,30,,
T,2024-12-17 07:17:52,47.68556760,17.62663727,3.79,117.186,44.167,9.680,357,28,30,,
T,2024-12-17 07:17:53,47.68565262,17.62663636,3.79,117.289,44.167,9.160,0,26,30,,
T,2024-12-17 07:17:54,47.68574209,17.62664199,3.79,117.222,44.167,10.050,4,26,30,,
T,2024-12-17 07:17:55,47.68583061,17.62664764,3.79,116.769,44.166,10.310,5,25,30,,
T,2024-12-17 07:17:56,47.68592261,17.62665438,3.79,116.694,44.166,9.780,4,25,30,,
T,2024-12-17 07:17:57,47.68600770,17.62666160,3.79,116.293,44.166,9.290,4,24,30,,
T,2024-12-17 07:17:58,47.68609481,17.62667409,3.79,116.573,44.166,9.370,5,24,30,,
T,2024-12-17 07:17:59,47.68617399,17.62669037,3.79,116.407,44.166,8.930,6,24,30,,
T,2024-12-17 07:18:00,47.68625150,17.62670593,3.79,116.688,44.165,8.490,7,25,30,,
T,2024-12-17 07:18:01,47.68632815,17.62672546,3.79,117.024,44.165,8.290,11,25,30,,
T,2024-12-17 07:18:02,47.68640172,17.62675209,3.79,116.904,44.165,8.290,16,25,30,,
T,2024-12-17 07:18:03,47.68647577,17.62679032,3.79,116.834,44.165,8.360,21,24,30,,
T,2024-12-17 07:18:04,47.68655012,17.62682752,3.79,116.822,44.165,8.670,20,24,30,,
T,2024-12-17 07:18:05,47.68661975,17.62686556,3.79,117.013,44.165,7.840,20,24,30,,
T,2024-12-17 07:18:06,47.68667837,17.62689684,3.79,117.328,44.164,6.440,17,25,30,,
T,2024-12-17 07:18:07,47.68673377,17.62693097,3.79,117.033,44.164,6.320,22,25,30,,
T,2024-12-17 07:18:08,47.68678666,17.62696770,3.79,117.144,44.164,6.160,28,25,30,,
T,2024-12-17 07:18:09,47.68682995,17.62700483,3.79,117.549,44.164,5.360,31,25,30,,
T,2024-12-17 07:18:10,47.68687948,17.62701888,3.79,117.715,44.164,5.340,2,25,30,,
T,2024-12-17 07:18:11,47.68691913,17.62700639,3.79,117.825,44.164,4.820,347,25,30,,
T,2024-12-17 07:18:12,47.68694333,17.62695927,3.79,117.666,44.164,4.750,306,24,30,,
T,2024-12-17 07:18:13,47.68695020,17.62692034,3.79,116.130,44.164,2.910,293,24,29,,
T,2024-12-17 07:18:14,47.68696499,17.62690097,3.79,117.227,44.164,1.760,307,26,28,,
T,2024-12-17 07:18:15,47.68696794,17.62687536,3.79,116.891,44.164,1.460,291,26,28,,
T,2024-12-17 07:18:16,47.68696262,17.62686005,3.79,115.720,44.164,0.790,290,26,29,,
T,2024-12-17 07:18:17,47.68696264,17.62683855,3.79,115.973,44.164,0.970,281,27,29,,
T,2024-12-17 07:18:18,47.68696720,17.62681146,3.79,115.936,44.164,2.010,288,27,30,,
T,2024-12-17 07:18:19,47.68697970,17.62678167,3.79,115.588,44.164,2.910,297,28,30,,
T,2024-12-17 07:18:20,47.68701266,17.62671212,3.79,116.079,44.164,6.290,299,28,30,,
T,2024-12-17 07:18:21,47.68704283,17.62665332,3.79,115.778,44.164,5.900,306,28,30,,
T,2024-12-17 07:18:22,47.68706143,17.62659531,3.79,115.609,44.164,4.640,302,28,30,,
T,2024-12-17 07:18:23,47.68709195,17.62655660,3.79,116.536,44.163,3.430,313,28,30,,
T,2024-12-17 07:18:24,47.68710659,17.62652389,3.79,116.817,44.163,2.340,305,28,30,,
T,2024-12-17 07:18:25,47.68712265,17.62649647,3.79,117.265,44.163,2.030,315,28,30,,
T,2024-12-17 07:18:26,47.68713414,17.62647701,3.79,117.126,44.163,1.400,306,28,30,,
T,2024-12-17 07:18:27,47.68713907,17.62646410,3.79,118.198,44.163,1.160,306,28,30,,
T,2024-12-17 07:18:28,47.68714878,17.62644538,3.79,118.229,44.163,1.180,303,28,30,,
T,2024-12-17 07:18:29,47.68715374,17.62642685,3.79,117.822,44.163,1.100,304,28,30,,
T,2024-12-17 07:18:30,47.68716257,17.62641475,3.79,118.365,44.163,1.240,308,27,30,,
T,2024-12-17 07:18:31,47.68717364,17.62638479,3.79,118.004,44.163,2.840,307,26,30,,
T,2024-12-17 07:18:32,47.68720108,17.62633454,3.79,118.370,44.163,5.240,306,26,30,,
T,2024-12-17 07:18:33,47.68722815,17.62627297,3.79,118.132,44.163,6.530,305,27,30,,
T,2024-12-17 07:18:34,47.68726303,17.62620247,3.79,117.496,44.163,7.840,307,27,30,,
T,2024-12-17 07:18:35,47.68731168,17.62611785,3.79,117.567,44.163,8.950,312,28,30,,
T,2024-12-17 07:18:36,47.68736184,17.62603527,3.79,117.106,44.163,8.260,314,28,30,,
T,2024-12-17 07:18:37,47.68742183,17.62596407,3.79,117.206,44.163,8.780,323,28,30,,
T,2024-12-17 07:18:38,47.68748519,17.62589832,3.79,117.492,44.163,8.410,326,27,30,,
T,2024-12-17 07:18:39,47.68755107,17.62583278,3.79,117.723,44.162,8.750,327,27,30,,
T,2024-12-17 07:18:40,47.68762257,17.62576229,3.79,117.861,44.162,9.200,326,27,30,,
T,2024-12-17 07:18:41,47.68769723,17.62569527,3.79,117.818,44.162,9.790,328,27,30,,
T,2024-12-17 07:18:42,47.68777450,17.62562673,3.79,117.560,44.162,10.170,329,25,30,,
T,2024-12-17 07:18:43,47.68784961,17.62555676,3.79,117.603,44.162,10.050,327,23,30,,
T,2024-12-17 07:18:44,47.68792817,17.62547750,3.79,117.831,44.161,10.500,326,23,30,,
T,2024-12-17 07:18:45,47.68801366,17.62540969,3.79,117.584,44.161,10.730,330,24,30,,
T,2024-12-17 07:18:46,47.68809723,17.62534692,3.79,117.374,44.161,10.780,335,26,30,,
T,2024-12-17 07:18:47,47.68818992,17.62529312,3.79,117.585,44.161,11.200,340,26,30,,
T,2024-12-17 07:18:48,47.68828103,17.62523654,3.79,117.239,44.161,11.530,343,26,30,,
T,2024-12-17 07:18:49,47.68837280,17.62519277,3.79,116.132,44.160,11.820,344,28,30,,
T,2024-12-17 07:18:50,47.68847629,17.62514887,3.79,115.617,44.160,12.040,343,28,30,,
T,2024-12-17 07:18:51,47.68858673,17.62509959,3.79,115.726,44.160,12.210,342,28,30,,
T,2024-12-17 07:18:52,47.68869047,17.62505240,3.79,115.967,44.160,11.960,342,28,30,,
T,2024-12-17 07:18:53,47.68878523,17.62499908,3.79,115.365,44.159,11.780,341,28,30,,
T,2024-12-17 07:18:54,47.68887648,17.62494478,3.79,115.357,44.159,11.520,339,28,30,,
T,2024-12-17 07:18:55,47.68897202,17.62488702,3.79,114.890,44.159,11.250,337,28,30,,
T,2024-12-17 07:18:56,47.68906027,17.62483015,3.79,115.015,44.159,10.480,336,28,30,,
T,2024-12-17 07:18:57,47.68914172,17.62477534,3.79,114.847,44.159,9.740,336,28,30,,
T,2024-12-17 07:18:58,47.68922280,17.62472419,3.79,115.024,44.158,9.400,337,28,30,,
T,2024-12-17 07:18:59,47.68929683,17.62467933,3.79,115.067,44.158,8.220,339,28,30,,
T,2024-12-17 07:19:00,47.68935002,17.62463728,3.79,115.284,44.158,6.470,341,27,30,,
T,2024-12-17 07:19:01,47.68940283,17.62460623,3.79,115.807,44.158,5.430,342,27,30,,
T,2024-12-17 07:19:02,47.68944914,17.62457473,3.79,115.353,44.158,4.890,342,28,30,,
T,2024-12-17 07:19:03,47.68947441,17.62455688,3.83,115.246,44.158,3.130,345,27,30,,
T,2024-12-17 07:19:04,47.68950870,17.62454141,3.82,115.597,44.158,3.620,347,26,30,,
T,2024-12-17 07:19:05,47.68956463,17.62454327,3.79,115.876,44.158,6.180,359,25,30,,
T,2024-12-17 07:19:06,47.68962424,17.62456145,3.79,116.410,44.157,7.250,12,26,30,,
T,2024-12-17 07:19:07,47.68969315,17.62460698,3.79,116.704,44.157,8.330,29,26,30,,
T,2024-12-17 07:19:08,47.68974966,17.62468163,3.79,117.315,44.157,9.020,46,27,30,,
T,2024-12-17 07:19:09,47.68980261,17.62477779,3.79,117.396,44.157,9.940,55,27,30,,
T,2024-12-17 07:19:10,47.68984300,17.62489510,3.79,118.068,44.157,10.090,54,27,30,,
T,2024-12-17 07:19:11,47.68990249,17.62500568,3.79,118.109,44.157,10.900,52,28,30,,
T,2024-12-17 07:19:12,47.68995544,17.62511562,3.79,117.541,44.157,10.440,52,28,30,,
T,2024-12-17 07:19:13,47.69001500,17.62523225,3.79,117.934,44.157,10.780,51,28,30,,
T,2024-12-17 07:19:14,47.69008090,17.62535149,3.79,118.742,44.156,11.710,48,28,30,,
T,2024-12-17 07:19:15,47.69015750,17.62545687,3.79,120.084,44.156,11.710,44,28,30,,
T,2024-12-17 07:19:16,47.69023778,17.62556527,3.79,120.640,44.156,11.920,41,28,30,,
T,2024-12-17 07:19:17,47.69032048,17.62566697,3.79,121.266,44.156,11.970,38,28,30,,
T,2024-12-17 07:19:18,47.69040425,17.62576414,3.79,121.881,44.156,12.070,37,28,30,,
T,2024-12-17 07:19:19,47.69049291,17.62585927,3.79,121.906,44.155,12.180,36,28,30,,
T,2024-12-17 07:19:20,47.69058532,17.62594728,3.79,121.238,44.155,12.250,36,28,30,,
T,2024-12-17 07:19:21,47.69067556,17.62604356,3.79,121.563,44.155,12.160,35,28,30,,
T,2024-12-17 07:19:22,47.69076837,17.62614481,3.79,122.319,44.155,12.390,36,28,30,,
T,2024-12-17 07:19:23,47.69085996,17.62624323,3.79,122.329,44.155,12.440,36,28,30,,
T,2024-12-17 07:19:24,47.69095210,17.62632969,3.79,122.123,44.154,11.900,35,28,30,,
T,2024-12-17 07:19:25,47.69103710,17.62642313,3.79,121.852,44.154,11.500,37,27,30,,
T,2024-12-17 07:19:26,47.69112699,17.62651092,3.79,122.377,44.154,11.380,36,28,30,,
T,2024-12-17 07:19:27,47.69120718,17.62660591,3.79,122.384,44.154,11.470,36,28,30,,
T,2024-12-17 07:19:28,47.69129458,17.62669700,3.79,122.775,44.154,11.830,36,28,30,,
T,2024-12-17 07:19:29,47.69137640,17.62679524,3.79,122.202,44.153,11.590,37,28,30,,
T,2024-12-17 07:19:30,47.69145962,17.62688673,3.79,122.225,44.153,11.330,35,28,30,,
T,2024-12-17 07:19:31,47.69154239,17.62697554,3.79,121.584,44.153,11.050,35,27,30,,
T,2024-12-17 07:19:32,47.69161308,17.62706083,3.79,121.092,44.153,10.480,38,28,30,,
T,2024-12-17 07:19:33,47.69168108,17.62714852,3.79,120.747,44.153,9.920,41,28,30,,
T,2024-12-17 07:19:34,47.69174085,17.62724355,3.79,120.182,44.152,9.600,49,28,30,,
T,2024-12-17 07:19:35,47.69179150,17.62733869,3.79,119.528,44.152,9.450,52,28,30,,
T,2024-12-17 07:19:36,47.69183619,17.62742909,3.79,118.854,44.152,9.130,53,28,30,,
T,2024-12-17 07:19:37,47.69188732,17.62752728,3.79,118.550,44.152,9.440,53,28,30,,
T,2024-12-17 07:19:38,47.69194627,17.62763722,3.79,118.458,44.152,11.140,52,28,30,,
T,2024-12-17 07:19:39,47.69200618,17.62775939,3.79,118.514,44.152,11.730,52,28,30,,
T,2024-12-17 07:19:40,47.69206013,17.62787149,3.79,118.279,44.152,10.290,53,28,30,,
T,2024-12-17 07:19:41,47.69211449,17.62797054,3.79,118.978,44.152,8.960,51,28,30,,
T,2024-12-17 07:19:42,47.69216799,17.62806215,3.79,118.240,44.151,8.780,49,28,30,,
T,2024-12-17 07:19:43,47.69222303,17.62814081,3.79,117.790,44.151,8.150,45,28,30,,
T,2024-12-17 07:19:44,47.69226992,17.62821145,3.79,118.532,44.151,6.850,44,28,30,,
T,2024-12-17 07:19:45,47.69230579,17.62827340,3.79,118.056,44.151,6.040,40,28,30,,
T,2024-12-17 07:19:46,47.69234531,17.62832345,3.79,118.158,44.151,5.230,38,28,30,,
T,2024-12-17 07:19:47,47.69237357,17.62837959,3.79,117.684,44.151,5.000,48,28,30,,
T,2024-12-17 07:19:48,47.69241606,17.62843746,3.79,117.964,44.151,6.530,48,27,30,,
T,2024-12-17 07:19:49,47.69245020,17.62850105,3.79,118.249,44.151,6.060,56,27,30,,
T,2024-12-17 07:19:50,47.69249115,17.62854780,3.79,118.096,44.151,5.930,33,27,30,,
T,2024-12-17 07:19:51,47.69253954,17.62855172,3.79,117.697,44.151,5.280,360,28,30,,
T,2024-12-17 07:19:52,47.69258108,17.62852940,3.79,117.522,44.150,5.560,328,28,30,,
T,2024-12-17 07:19:53,47.69261535,17.62846433,3.79,116.120,44.150,6.160,304,28,30,,
T,2024-12-17 07:19:54,47.69263452,17.62838534,3.79,116.703,44.150,6.600,278,27,30,,
T,2024-12-17 07:19:55,47.69265113,17.62830358,3.79,116.792,44.150,6.530,275,28,30,,
T,2024-12-17 07:19:56,47.69266564,17.62820621,3.79,117.048,44.150,7.070,274,28,30,,
T,2024-12-17 07:19:57,47.69268101,17.62811252,3.79,117.152,44.150,6.830,280,28,30,,
T,2024-12-17 07:19:58,47.69269421,17.62802821,3.79,117.092,44.150,5.630,280,28,30,,
T,2024-12-17 07:19:59,47.69270389,17.62795099,3.79,116.929,44.150,5.380,281,28,30,,
T,2024-12-17 07:20:00,47.69271249,17.62786987,3.79,116.590,44.150,6.190,281,28,30,,
T,2024-12-17 07:20:01,47.69272830,17.62778523,3.79,116.626,44.150,6.800,283,28,30,,
T,2024-12-17 07:20:02,47.69274005,17.62770191,3.79,116.294,44.150,6.450,279,28,30,,
T,2024-12-17 07:20:03,47.69274323,17.62763071,3.79,116.251,44.150,5.050,273,28,30,,
T,2024-12-17 07:20:04,47.69274649,17.62757064,3.79,116.544,44.150,4.140,270,28,30,,
T,2024-12-17 07:20:05,47.69274548,17.62753499,3.79,116.140,44.150,2.470,269,28,30,,
T,2024-12-17 07:20:06,47.69273800,17.62749305,3.79,117.158,44.150,3.280,254,28,30,,
T,2024-12-17 07:20:07,47.69272197,17.62745922,3.79,116.932,44.150,3.090,236,27,30,,
T,2024-12-17 07:20:08,47.69269766,17.62742939,3.79,116.216,44.150,3.380,211,26,30,,
T,2024-12-17 07:20:09,47.69266313,17.62741539,3.79,116.760,44.150,3.870,187,26,30,,
T,2024-12-17 07:20:10,47.69263799,17.62740812,3.79,116.590,44.150,2.860,183,26,30,,
T,2024-12-17 07:20:11,47.69261410,17.62740517,3.79,116.834,44.150,2.330,182,28,30,,
T,2024-12-17 07:20:12,47.69259075,17.62741281,3.79,116.219,44.150,2.660,174,28,30,,
T,2024-12-17 07:20:13,47.69257168,17.62741705,3.79,116.358,44.150,1.470,168,28,30,,
T,2024-12-17 07:20:14,47.69255720,17.62741653,3.79,115.925,44.151,1.250,200,28,30,,
T,2024-12-17 07:20:15,47.69254733,17.62741739,3.79,116.015,44.151,0.810,187,28,30,,
T,2024-12-17 07:20:16,47.69253490,17.62741820,3.79,115.782,44.151,1.560,187,28,30,,
T,2024-12-17 07:20:17,47.69251017,17.62742143,3.79,115.218,44.151,3.440,174,27,30,,
T,2024-12-17 07:20:18,47.69246342,17.62745009,3.79,115.056,44.151,5.010,164,28,30,,
T,2024-12-17 07:20:19,47.69240660,17.62746519,3.79,115.620,44.151,7.010,168,28,30,,
T,2024-12-17 07:20:20,47.69234732,17.62748043,3.79,115.741,44.151,7.270,174,28,30,,
T,2024-12-17 07:20:21,47.69228836,17.62748551,3.79,116.027,44.151,6.230,178,28,30,,
T,2024-12-17 07:20:22,47.69223800,17.62748416,3.79,116.183,44.151,5.180,183,28,30,,
T,2024-12-17 07:20:23,47.69219935,17.62746758,3.79,116.716,44.151,3.770,203,28,30,,
T,2024-12-17 07:20:24,47.69217025,17.62744235,3.79,117.082,44.151,3.500,224,28,30,,
T,2024-12-17 07:20:25,47.69214656,17.62740252,3.79,117.214,44.151,3.880,236,28,30,,
T,2024-12-17 07:20:26,47.69213785,17.62736178,3.79,117.379,44.152,3.520,257,28,30,,
T,2024-12-17 07:20:27,47.69213501,17.62732099,3.79,117.682,44.152,3.100,279,28,30,,
T,2024-12-17 07:20:28,47.69214183,17.62728699,3.79,117.597,44.151,2.610,296,28,30,,
T,2024-12-17 07:20:29,47.69214877,17.62727197,3.79,117.628,44.151,1.090,318,28,30,,
T,2024-12-17 07:20:30,47.69215942,17.62725679,3.79,118.075,44.151,0.740,306,28,30,,
T,2024-12-17 07:20:31,47.69217624,17.62724737,3.79,118.232,44.151,1.900,348,28,30,,
T,2024-12-17 07:20:32,47.69219033,17.62724242,3.79,118.609,44.151,1.350,337,28,30,,
T,2024-12-17 07:20:33,47.69220904,17.62723885,3.79,118.870,44.151,2.520,359,28,30,,
T,2024-12-17 07:20:34,47.69223580,17.62723821,3.79,118.472,44.151,3.310,359,28,30,,
T,2024-12-17 07:20:35,47.69226772,17.62723831,3.79,118.833,44.151,3.760,0,28,30,,
T,2024-12-17 07:20:36,47.69229862,17.62723963,3.79,118.648,44.151,3.260,1,28,30,,
T,2024-12-17 07:20:37,47.69232365,17.62724124,3.79,118.466,44.151,2.590,2,28,30,,
T,2024-12-17 07:20:38,47.69234209,17.62724294,3.79,118.171,44.151,1.890,1,28,30,,
T,2024-12-17 07:20:39,47.69235269,17.62724295,3.79,118.095,44.151,0.760,357,28,30,,
T,2024-12-17 07:20:40,47.69235863,17.62724200,3.79,118.377,44.151,0.740,359,28,30,,
T,2024-12-17 07:20:41,47.69236514,17.62723937,3.79,118.555,44.151,0.860,359,28,30,,
T,2024-12-17 07:20:42,47.69237934,17.62723615,3.79,118.354,44.151,2.190,354,28,30,,
T,2024-12-17 07:20:43,47.69240397,17.62723423,3.79,118.207,44.151,3.160,358,28,30,,
T,2024-12-17 07:20:44,47.69242951,17.62722817,3.79,118.205,44.151,2.720,350,28,30,,
T,2024-12-17 07:20:45,47.69244989,17.62721134,3.79,118.415,44.151,2.640,330,28,30,,
T,2024-12-17 07:20:46,47.69246011,17.62718402,3.79,118.408,44.151,2.170,295,28,30,,
T,2024-12-17 07:20:47,47.69245967,17.62716389,3.79,119.013,44.151,0.780,274,28,30,,
T,2024-12-17 07:20:48,47.69245623,17.62715684,3.79,118.914,44.151,0.150,275,28,30,,
T,2024-12-17 07:20:49,47.69245016,17.62715321,3.79,118.566,44.151,0.000,,28,30,,
T,2024-12-17 07:20:50,47.69244726,17.62715584,3.79,118.316,44.151,0.670,275,28,30,,
T,2024-12-17 07:20:51,47.69244480,17.62716420,3.79,118.229,44.151,0.860,275,28,30,,
T,2024-12-17 07:20:52,47.69244526,17.62717690,3.79,118.368,44.151,0.780,275,28,30,,
T,2024-12-17 07:20:53,47.69244616,17.62718853,3.79,118.243,44.151,0.770,61,28,30,,
T,2024-12-17 07:20:54,47.69244766,17.62720049,3.79,118.220,44.151,0.880,61,28,30,,
T,2024-12-17 07:20:55,47.69244931,17.62721272,3.79,118.464,44.151,0.800,61,28,30,,
T,2024-12-17 07:20:56,47.69245146,17.62722458,3.79,118.530,44.151,0.910,77,28,30,,
T,2024-12-17 07:20:57,47.69245302,17.62723654,3.79,118.262,44.151,0.870,77,27,30,,
T,2024-12-17 07:20:58,47.69245476,17.62724885,3.79,117.905,44.151,0.960,77,28,30,,
T,2024-12-17 07:20:59,47.69245648,17.62726084,3.79,117.984,44.151,0.820,82,28,30,,
T,2024-12-17 07:21:00,47.69245809,17.62727192,3.79,117.587,44.151,0.880,82,28,30,,
T,2024-12-17 07:21:01,47.69245912,17.62728017,3.79,117.852,44.151,0.410,82,28,30,,
T,2024-12-17 07:21:02,47.69245971,17.62728354,3.79,117.898,44.151,0.230,82,28,30,,
T,2024-12-17 07:21:03,47.69246004,17.62728547,3.79,117.983,44.151,0.200,82,28,30,,
T,2024-12-17 07:21:04,47.69246150,17.62728382,3.79,117.817,44.151,0.000,,28,30,,
T,2024-12-17 07:21:05,47.69246195,17.62728606,3.79,117.726,44.151,0.310,82,26,30,,
T,2024-12-17 07:21:06,47.69246436,17.62728798,3.79,117.638,44.151,0.000,,27,30,,
T,2024-12-17 07:21:07,47.69246637,17.62728902,3.79,117.718,44.151,0.000,,26,30,,
T,2024-12-17 07:21:08,47.69246726,17.62729025,3.79,117.777,44.151,0.000,,27,30,,
T,2024-12-17 07:21:09,47.69246668,17.62729272,3.79,117.390,44.151,0.000,,27,30,,
T,2024-12-17 07:21:10,47.69246700,17.62729274,3.79,116.899,44.151,0.000,,27,30,,
T,2024-12-17 07:21:11,47.69246869,17.62729352,3.79,116.655,44.151,0.000,,28,30,,
T,2024-12-17 07:21:12,47.69247031,17.62729331,3.79,116.732,44.151,0.000,,28,30,,
T,2024-12-17 07:21:13,47.69247097,17.62729378,3.79,116.668,44.151,0.000,,27,30,,
T,2024-12-17 07:21:14,47.69247280,17.62729694,3.79,116.443,44.151,0.360,82,27,30,,
T,2024-12-17 07:21:15,47.69247344,17.62729793,3.79,116.796,44.151,0.000,,27,30,,
T,2024-12-17 07:21:16,47.69247345,17.62729645,3.79,117.022,44.151,0.000,,27,30,,
